item_label_full,item_label_all_wordings,scale,scale_type,S1_raw,S2_raw,S2_canonical,S3,S4,S5_raw,S5_canonical,S1_formative_l1,S1_formative_l2,notes
We have become puppets of Brussels.,"[""We have become puppets of Brussels.""]",Exploitation,lower,exp1,NA,NA,NA,NA,NA,NA,NA,THREAT,S1: Poisonous ethnocentrism?
We are unable to use our nation’s greatest potential because foreign countries are exploiting us.,"[""We are unable to use our nation’s greatest potential because foreign countries are exploiting us."",""We are unable to use our nation’s full potential because foreign countries are exploiting us.""]",Exploitation,lower,poi3,exp1,exp1,exp1,NA,exp_1,exp1,USE,NA,NA
Foreign countries are exploiting our nation’s resources.,"[""Foreign countries are exploiting our nation’s resources.""]",Exploitation,lower,exp2,exp2,exp2,exp2,NA,exp_2,exp2,NA,NA,NA
Western civilization is characterized by materialism and exploitation of others.,"[""Western civilization is characterized by materialism and exploitation of others."",""Western liberalism is characterized by materialism and exploitation of others.""]",Exploitation,lower,exp3,exp3,exp3,exp3,NA,exp_3,exp3,USE,NA,NA
Globalization poses a big threat to our statehood and national identity.,"[""Globalization poses a big threat to our statehood and national identity.""]",Exploitation,lower,exp4,exp4,exp4,exp4,NA,exp_4,exp4,USE,NA,NA
"Over the past decades, moral values have declined due to Western influence.","[""Over the past decades, moral values have declined due to Western influence."",""Over the past decades, moral values have declined due to Western liberal influence.""]",Exploitation,lower,dec1,exp5,exp5,exp5,NA,exp_5,exp5,USE,NA,S1: Decadence?
Western actions bring moral erosion.,"[""Western actions bring moral erosion.""]",Decadence,lower,dec2,NA,NA,NA,NA,NA,NA,NA,NA,NA
Our values and lifestyles should be protected from Western moral decadence.,"[""Our values and lifestyles should be protected from Western moral decadence.""]",Decadence,lower,dec3,NA,NA,NA,NA,NA,NA,NA,NA,NA
The moral decadence of the West threatens my way of life.,"[""The moral decadence of the West threatens my way of life.""]",Decadence,lower,dec4,NA,NA,NA,NA,NA,NA,USE,NA,NA
The EU is trying to buy our country to spread its immoral values.,"[""The EU is trying to buy our country to spread its immoral values.""]",Decadence,lower,dec5,NA,NA,NA,NA,NA,NA,NA,NA,NA
We should protect and enforce traditional gender roles.,"[""We should protect and enforce traditional gender roles.""]",The LGBT+,lower,lgbt1,lgb1,lgb1,lgb1,NA,The LGBT+_1,lgb1,GAY,NA,NA
The LGBT+ movement is a threat to our values.,"[""The LGBT+ movement is a threat to our values.""]",The LGBT+,lower,lgbt2,lgb2,lgb2,lgb2,NA,The LGBT+_2,lgb2,GAY,NA,NA
LGBT+ rights promotion is a disguised form of colonization.,"[""LGBT+ rights promotion is a disguised form of colonization.""]",The LGBT+,lower,lgbt3,lgb3,lgb3,lgb3,NA,The LGBT+_3,lgb3,NA,THREAT,NA
We should ban LGBT+ propaganda like countries as Russia or Belorussia did.,"[""We should ban LGBT+ propaganda like countries as Russia or Belorussia did."",""We should ban LGBT+ propaganda like Russia and Belorussia did.""]",The LGBT+,lower,lgbt4,lgb4,lgb4,lgb4,NA,The LGBT+_4,lgb4,GAY,NA,NA
"We should immediately stop promoting leftist, woke gender ideology.","[""We should immediately stop promoting leftist, woke gender ideology.""]",The LGBT+,lower,NA,lgb5,lgb5,lgb5,NA,The LGBT+_5,lgb5,NA,NA,NA
We should acknowledge biological reality that only two genders exist – male and female.,"[""We should acknowledge biological reality that only two genders exist – male and female.""]",The LGBT+,lower,NA,lgb6,lgb6,lgb6,NA,The LGBT+_6,lgb6,NA,NA,NA
The EU is unable to handle immigration.,"[""The EU is unable to handle immigration."",""EU is unable to handle immigration.""]",Immigration,lower,unp3,mi1,mi1,mi1,NA,imi_1,mi1,MIGR,NA,S1: Unprotected?
We should adopt a much harder line against immigration.,"[""We should adopt a much harder line against immigration.""]",Immigration,lower,NA,mi3,mi3,mi3,NA,imi_2,mi3,NA,NA,NA
Immigrants take advantage of our country.,"[""Immigrants take advantage of our country.""]",Immigration,lower,NA,mi4,mi4,mi4,NA,imi_3,mi4,NA,NA,NA
Immigrants are changing Europe for the worse.,"[""Immigrants are changing Europe for the worse.""]",Immigration,lower,unp4,mi2,mi2,mi2,NA,imi_4,mi2,MIGR,NA,S1: Unprotected?
We should deport all immigrants to where they came from.,"[""We should deport all immigrants to where they came from.""]",Immigration,lower,NA,mi5,mi5,mi5,NA,imi_5,mi5,NA,NA,NA
Immigrants are responsible for many of my country's biggest problems.,"[""Immigrants are responsible for many of my country's biggest problems.""]",Immigration,lower,NA,mi6,mi6,mi6,NA,imi_6,mi6,NA,NA,NA
Foreigners do not belong in Lithuania.,"[""Foreigners do not belong in Lithuania."",""Foreigners do not belong in Germany.""]",Immigration,lower,NA,mi7,mi7,mi7,NA,imi_7,mi7,NA,NA,NA
EU is weak and has no power.,"[""EU is weak and has no power."",""Our international allies are weak and have no power.""]",Unprotected by international allies,lower,unp1,unp1,unp1,unp1,NA,unp_1,unp1,SAFE,NA,NA
The influence of the USA in the world is getting weaker and weaker.,"[""The influence of the USA in the world is getting weaker and weaker.""]",Unprotected by international allies,lower,unp2,NA,NA,NA,NA,NA,NA,NA,NA,NA
NATO will not be brave enough to defend our nation in case of military conflict.,"[""NATO will not be brave enough to defend our nation in case of military conflict."",""Our international allies will not be brave enough to defend our country in case of military conflict.""]",Unprotected by international allies,lower,unp5,unp2,unp2,unp2,NA,unp_2,unp2,NA,NA,NA
NATO will betray us like Ukraine has been betrayed.,"[""NATO will betray us like Ukraine has been betrayed."",""Our international allies will ultimately betray us.""]",Unprotected by international allies,lower,unp6,unp3,unp3,unp3,NA,unp_3,unp3,SAFE,NA,NA
We should quit NATO as NATO membership poses a great threat to our nation.,"[""We should quit NATO as NATO membership poses a great threat to our nation.""]",Unprotected by international allies,lower,unp7,NA,NA,NA,NA,NA,NA,SAFE,NA,NA
NATO has expanded too much and will be torn apart by internal conflicts.,"[""NATO has expanded too much and will be torn apart by internal conflicts."",""The unity of the international allies will be torn apart by internal conflicts.""]",Unprotected by international allies,lower,unp8,unp4,unp4,unp4,NA,unp_4,unp4,NA,LEFT,NA
I’m worried that our ways of life are sought to be destroyed.,"[""I’m worried that our ways of life are sought to be destroyed."",""I’m worried that our way of life is under attack"",""I’m worried that our way of life is under attack""]",THREAT,higher,NA,Twor1,th1,th1,th1,THR_1,th1,NA,NA,NA
"I am sad because our culture, language, and identity are disappearing.","[""I am sad because our culture, language, and identity are disappearing.""]",THREAT,higher,NA,Tsad,th2,th2,NA,THR_2,th2,NA,NA,NA
I feel a threat to the survival of our nation-state.,"[""I feel a threat to the survival of our nation-state.""]",THREAT,higher,NA,Tthr,th3,th3,NA,THR_3,th3,NA,NA,NA
I hate Western liberalism.,"[""I hate Western liberalism.""]",THREAT,higher,NA,Thate,th4,th4,NA,THR_4,th4,NA,NA,NA
I’m worried that my country is being exploited by foreign countries.,"[""I’m worried that my country is being exploited by foreign countries.""]",THREAT,higher,NA,Twor2,th5,th5,th5,THR_5,th5,NA,NA,NA
I am angry when I think about how my country is being used by foreign countries.,"[""I am angry when I think about how my country is being used by foreign countries.""]",THREAT,higher,NA,Tang1,th6,th6,th6,THR_6,th6,NA,NA,NA
I am angry because immigration is changing our way of life for the worse.,"[""I am angry because immigration is changing our way of life for the worse.""]",THREAT,higher,NA,Tang2,th7,th7,th7,THR_7,th7,NA,NA,NA
I feel worried because of uncontrolled immigration.,"[""I feel worried because of uncontrolled immigration.""]",THREAT,higher,NA,Twor3,th8,th8,th8,THR_8,th8,NA,NA,NA
I am worried about the spread of LGBT+ propaganda.,"[""I am worried about the spread of LGBT+ propaganda."",""I am worried by the spread of LGBT+ propaganda""]",THREAT,higher,NA,Twor4,th9,th9,th9,THR_9,th9,NA,NA,NA
I’m outraged when thinking about the promotion LGBT+ ideas.,"[""I’m outraged when thinking about the promotion LGBT+ ideas.""]",THREAT,higher,NA,Tang3,th10,th10,th10,THR_10,th10,NA,NA,NA
I’m disgusted by the LGBT+ propaganda.,"[""I’m disgusted by the LGBT+ propaganda.""]",THREAT,higher,NA,Tdis,th11,th11,NA,THR_11,th11,NA,NA,NA
I feel nostalgic for the days when moral values truly mattered to us.,"[""I feel nostalgic for the days when moral values truly mattered to us.""]",THREAT,higher,NA,Tnost,th12,th12,NA,THR_12,th12,NA,NA,NA
My state has abandoned its citizens.,"[""My state has abandoned its citizens.""]",Abandoned by own state,lower,aban1,aban1,aban1,aban1,NA,aban_1,aban1,NA,LEFT,NA
My state is exploiting its citizens.,"[""My state is exploiting its citizens.""]",Abandoned by own state,lower,aban2,aban2,aban2,aban2,NA,aban_2,aban2,LONE,NA,NA
My state is a failed state.,"[""My state is a failed state.""]",Abandoned by own state,lower,aban3,aban3,aban3,aban3,NA,aban_3,aban3,LONE,NA,NA
I don't feel that my state takes good care of me.,"[""I don't feel that my state takes good care of me."",""I don't think that my state takes good care of us.""]",Abandoned by own state,lower,aban4,aban4,aban4,aban4,NA,aban_4,aban4,LONE,NA,NA
My state is not able to ensure jobs and fair income for everyone.,"[""My state is not able to ensure jobs and fair income for everyone.""]",Abandoned by own state,lower,aban5,aban5,aban5,aban5,NA,aban_5,aban5,LONE,NA,NA
I feel anger towards specific politicians who made our daily lives worse.,"[""I feel anger towards specific politicians who made our daily lives worse.""]",Abandoned by own state,lower,aban6,NA,NA,NA,NA,NA,NA,NA,NA,NA
I feel outraged with specific politicians who have failed us.,"[""I feel outraged with specific politicians who have failed us.""]",Abandoned by own state,lower,aban7,NA,NA,NA,NA,NA,NA,NA,NA,NA
I possess information on how specific politicians worked against our statehood.,"[""I possess information on how specific politicians worked against our statehood.""]",Abandoned by own state,lower,aban8,NA,NA,NA,NA,NA,NA,NA,NA,NA
My state is censoring access to truthful information.,"[""My state is censoring access to truthful information.""]",Abandoned by media (censorship),lower,NA,cen1,cen1,cen1,NA,cen_1,cen1,NA,NA,NA
My state is supporting media you cannot trust.,"[""My state is supporting media you cannot trust.""]",Abandoned by media (censorship),lower,NA,cen2,cen2,cen2,NA,cen_2,cen2,NA,NA,NA
My state actively restricts my freedom of opinion.,"[""My state actively restricts my freedom of opinion.""]",Abandoned by media (censorship),lower,NA,cen3,cen3,cen3,NA,cen_3,cen3,NA,NA,NA
All mainstream media are lying to us.,"[""All mainstream media are lying to us.""]",Abandoned by media (censorship),lower,cens1,cen4,cen4,cen4,NA,cen_4,cen4,NA,NA,NA
Mainstream media are trying to brainwash citizens of my country.,"[""Mainstream media are trying to brainwash citizens of my country.""]",Abandoned by media (censorship),lower,NA,cen5,cen5,cen5,NA,cen_5,cen5,NA,NA,NA
Mainstream media are useless in providing truthful and accurate information.,"[""Mainstream media are useless in providing truthful and accurate information.""]",Abandoned by media (censorship),lower,NA,cen6,cen6,cen6,NA,cen_6,cen6,NA,NA,NA
I'm constantly following media that is banned in my country.,"[""I'm constantly following media that is banned in my country."",""I'm constantly following media that are banned in my country..""]",Access to banned media,lower,cens2,int1,int1,int1,NA,NA,NA,NA,NA,S1: censorship
I trust media that are banned in my country.,"[""I trust media that are banned in my country.""]",Access to banned media,lower,NA,int2,int2,int2,NA,NA,NA,NA,NA,NA
I possess comprehensive knowledge because I know how to access media channels that are banned in my country.,"[""I possess comprehensive knowledge because I know how to access media channels that are banned in my country.""]",Access to banned media,lower,cens3,int3,int3,int3,NA,NA,NA,NA,NA,S1: censorship
"In general, I distrust our international allies.","[""In general, I distrust our international allies.""]",DISTRUST/BETRAYAL/ABANDONMENT,lower,NA,Adist,ab1,ab1,ab1,AB_1,ab1,NA,NA,NA
I feel disappointed by the actions of the international allies in protecting my country.,"[""I feel disappointed by the actions of the international allies in protecting my country.""]",DISTRUST/BETRAYAL/ABANDONMENT,lower,NA,Adisap,ab2,ab2,ab2,AB_2,ab2,NA,NA,NA
I feel frustrated by how my state addresses citizens' needs.,"[""I feel frustrated by how my state addresses citizens' needs.""]",DISTRUST/BETRAYAL/ABANDONMENT,lower,NA,Airr1,ab3,ab3,ab3,AB_3,ab3,NA,NA,NA
I’m angry at my state for failing to protect the interests of its citizens.,"[""I’m angry at my state for failing to protect the interests of its citizens.""]",DISTRUST/BETRAYAL/ABANDONMENT,lower,NA,Aang1,ab4,ab4,ab4,AB_4,ab4,NA,NA,NA
I feel sad when I think about how my country takes care of its citizens.,"[""I feel sad when I think about how my country takes care of its citizens.""]",DISTRUST/BETRAYAL/ABANDONMENT,lower,NA,Asad,ab5,ab5,NA,AB_5,ab5,NA,NA,NA
I hate my state because it fails to take care of its citizens.,"[""I hate my state because it fails to take care of its citizens.""]",DISTRUST/BETRAYAL/ABANDONMENT,lower,NA,Ahate,ab6,ab6,NA,AB_6,ab6,NA,NA,NA
I feel angry because the knowledge I want to access is being censored in my state.,"[""I feel angry because the knowledge I want to access is being censored in my state."",""I feel anger because the information I want to access is being censored in my country."",""I feel anger because the information I want to access is being censored in my country.""]",DISTRUST/BETRAYAL/ABANDONMENT,lower,cens4,Aang2,ab7,ab7,ab7,AB_7,ab7,NA,NA,S1: censorship
I'm frustrated because my state bans the media I want to access.,"[""I'm frustrated because my state bans the media I want to access.""]",DISTRUST/BETRAYAL/ABANDONMENT,lower,NA,Airr2,ab8,ab8,ab8,AB_8,ab8,NA,NA,NA
I'm proud of myself because I know how to access media that are banned in my country.,"[""I'm proud of myself because I know how to access media that are banned in my country.""]",NA,NA,cens5,NA,NA,NA,NA,NA,NA,NA,NA,S1: censorship
I feel tense when thinking about potential conflicts with countries like Russia or China.,"[""I feel tense when thinking about potential conflicts with countries like Russia or China.""]",FEAR,higher,NA,Panx1,pa1,pa1,pa1,FEAR_1,pa1,NA,NA,NA
I would feel safer if peace with countries like Russia is struck at any cost.,"[""I would feel safer if peace with countries like Russia is struck at any cost.""]",FEAR,higher,NA,Pfear1,pa2,pa2,NA,FEAR_2,pa2,NA,NA,NA
I would feel safer if peace with countries like China is struck at any cost.,"[""I would feel safer if peace with countries like China is struck at any cost.""]",FEAR,higher,NA,Pfear2,pa3,pa3,NA,FEAR_3,pa3,NA,NA,NA
I would feel safer if peace with countries like Russia or China is struck at any cost,"[""I would feel safer if peace with countries like Russia or China is struck at any cost""]",FEAR,higher,NA,NA,NA,NA,pa2,NA,NA,NA,NA,NA
I’m anxious about the consequences of a conflict with countries like Russia.,"[""I’m anxious about the consequences of a conflict with countries like Russia.""]",FEAR,higher,NA,Panx2,pa4,pa4,NA,FEAR_4,pa4,NA,NA,NA
I’m anxious about the consequences of a conflict with countries like China.,"[""I’m anxious about the consequences of a conflict with countries like China.""]",FEAR,higher,NA,Panx3,pa5,pa5,NA,FEAR_5,pa5,NA,NA,NA
I’m anxious about the consequences of a conflict with countries like Russia or China,"[""I’m anxious about the consequences of a conflict with countries like Russia or China""]",FEAR,higher,NA,NA,NA,NA,pa4,NA,NA,NA,NA,NA
I am angry that we are risking the safety of its citizens by getting involved in a reckless conflict with other countries.,"[""I am angry that we are risking the safety of its citizens by getting involved in a reckless conflict with other countries.""]",FEAR,higher,NA,Pang,pa6,pa6,NA,FEAR_6,pa6,NA,NA,NA
Russia has an important historic mission.,"[""Russia has an important historic mission.""]",Superiority Russia,lower,sup_ru1,suru1,sru1,sru1,NA,SPR Russia_1,sru1,SUPR,NA,NA
Russia will reemerge as the most powerful nation in the world.,"[""Russia will reemerge as the most powerful nation in the world."",""Russia will reemerge as the most powerful country in the world.""]",Superiority Russia,lower,sup_ru2,suru2,sru2,sru2,NA,SPR Russia_2,sru2,NA,RULE,NA
Russia is technologically advanced.,"[""Russia is technologically advanced.""]",Superiority Russia,lower,sup_ru3,suru3,sru3,sru3,NA,SPR Russia_3,sru3,SUPR,NA,NA
Russia has innovative military technologies.,"[""Russia has innovative military technologies.""]",Superiority Russia,lower,sup_ru4,suru4,sru4,sru4,NA,SPR Russia_4,sru4,SUPR,NA,NA
Russian hackers are able to hack any institution in the world.,"[""Russian hackers are able to hack any institution in the world.""]",Superiority Russia,lower,sup_ru5,NA,NA,NA,NA,NA,NA,NA,NA,NA
Russia represents a unique Slavic civilization.,"[""Russia represents a unique Slavic civilization.""]",Superiority Russia,lower,sup_ru6,suru5,sru5,sru5,NA,SPR Russia_5,sru5,SUPR,NA,NA
Russian culture is a superior culture.,"[""Russian culture is a superior culture.""]",Superiority Russia,lower,sup_ru7,suru6,sru6,sru6,NA,SPR Russia_6,sru6,SUPR,NA,NA
Russia is the last bastion of anti-systemic and anti-global forces in Europe.,"[""Russia is the last bastion of anti-systemic and anti-global forces in Europe.""]",Superiority Russia,lower,sup_ru8,suru7,sru7,sru7,NA,SPR Russia_7,sru7,NA,NA,NA
Russia is able to defend its core values.,"[""Russia is able to defend its core values.""]",Superiority Russia,lower,sup_ru9,suru8,sru8,sru8,NA,SPR Russia_8,sru8,SUPR,NA,NA
Russia is able to take good care of its citizens.,"[""Russia is able to take good care of its citizens.""]",Superiority Russia,lower,sup_ru10,suru9,sru9,sru9,NA,SPR Russia_9,sru9,SUPR,NA,NA
Russia has a unique spiritual potential.,"[""Russia has a unique spiritual potential.""]",Superiority Russia,lower,sup_ru11,suru10,sru10,sru10,NA,SPR Russia_10,sru10,SUPR,NA,NA
Siberian cedar is a tree of exceptional spiritual importance.,"[""Siberian cedar is a tree of exceptional spiritual importance.""]",Superiority Russia,lower,sup_ru12,NA,NA,NA,NA,NA,NA,SUPR,NA,NA
Russia draws its strength from its places of spiritual importance.,"[""Russia draws its strength from its places of spiritual importance.""]",Superiority Russia,lower,sup_ru13,suru11,sru11,sru11,NA,SPR Russia_11,sru11,SUPR,NA,NA
Russia will protect us if needed.,"[""Russia will protect us if needed.""]",Superiority Russia,lower,NA,suru12,sru12,sru12,NA,SPR Russia_12,sru12,NA,NA,NA
Putin's strong and masculine personality resonates well with me.,"[""Putin's strong and masculine personality resonates well with me.""]",Superiority Russia,lower,sup_ru14,NA,NA,NA,NA,NA,NA,SUPR,NA,NA
Putin is a strong leader standing up against the West.,"[""Putin is a strong leader standing up against the West.""]",Superiority Russia,lower,sup_ru15,NA,NA,NA,NA,NA,NA,SUPR,NA,NA
China has an important historic mission.,"[""China has an important historic mission.""]",Superiority China,lower,sup_kin1,such1,ski1,ski1,NA,SPR China_1,ski1,SUPK,NA,NA
China will reemerge as the most powerful nation in the world.,"[""China will reemerge as the most powerful nation in the world."",""China will reemerge as the most powerful country in the world.""]",Superiority China,lower,sup_kin2,such2,ski2,ski2,NA,SPR China_2,ski2,NA,RULE,NA
China will soon have full control over the world economy.,"[""China will soon have full control over the world economy.""]",Superiority China,lower,sup_kin3,such3,ski3,ski3,NA,SPR China_3,ski3,SUPK,NA,NA
China is technologically advanced.,"[""China is technologically advanced.""]",Superiority China,lower,sup_kin4,such4,ski4,ski4,NA,SPR China_4,ski4,SUPK,NA,NA
China has innovative military technologies.,"[""China has innovative military technologies.""]",Superiority China,lower,sup_kin5,such5,ski5,ski5,NA,SPR China_5,ski5,SUPK,NA,NA
Chinese agents are able to infiltrate into any institution in the world.,"[""Chinese agents are able to infiltrate into any institution in the world.""]",Superiority China,lower,sup_kin6,NA,NA,NA,NA,NA,NA,SUPK,NA,NA
China represents a unique civilization.,"[""China represents a unique civilization.""]",Superiority China,lower,sup_kin7,such6,ski6,ski6,NA,SPR China_6,ski6,SUPK,NA,NA
Chinese culture is a superior culture.,"[""Chinese culture is a superior culture.""]",Superiority China,lower,sup_kin8,such7,ski7,ski7,NA,SPR China_7,ski7,SUPK,NA,NA
China is successfully reshaping the global system for its own purposes.,"[""China is successfully reshaping the global system for its own purposes.""]",Superiority China,lower,sup_kin9,such8,ski8,ski8,NA,SPR China_8,ski8,SUPK,NA,NA
China is able to defend its core values.,"[""China is able to defend its core values.""]",Superiority China,lower,sup_kin10,such9,ski9,ski9,NA,SPR China_9,ski9,SUPK,NA,NA
China is able to take good care of its citizens..,"[""China is able to take good care of its citizens..""]",Superiority China,lower,sup_kin11,such10,ski10,ski10,NA,SPR China_10,ski10,SUPK,NA,NA
China will protect us if needed.,"[""China will protect us if needed.""]",Superiority China,lower,NA,such11,ski11,ski11,NA,SPR China_11,ski11,NA,NA,NA
"To a certain extent, I admire Russia.","[""To a certain extent, I admire Russia.""]",SUPERIORITY,higher,NA,Sru1,fru1,fru1,fru1,Superiority_1,sup1,NA,NA,NA
"Sometimes, I feel inspired by the actions of Russia.","[""Sometimes, I feel inspired by the actions of Russia."",""Sometimes I feel inspired by Russia"",""Sometimes I feel inspired by Russia""]",SUPERIORITY,higher,NA,Sru2,fru2,fru2,fru2,Superiority_2,sup2,NA,NA,NA
Russia gives me hope.,"[""Russia gives me hope.""]",SUPERIORITY,higher,NA,Sru3,fru3,fru3,fru3,Superiority_3,sup3,NA,NA,NA
I respect Russia.,"[""I respect Russia.""]",SUPERIORITY,higher,NA,Sru4,fru4,fru4,NA,Superiority_4,sup4,NA,NA,NA
"To a certain extent, I admire China.","[""To a certain extent, I admire China.""]",SUPERIORITY,higher,NA,Sch1,fch1,fch1,fch1,Superiority_5,sup5,NA,NA,NA
"Sometimes, I feel inspired by the actions of China.","[""Sometimes, I feel inspired by the actions of China."",""Sometimes I feel inspired by China"",""Sometimes I feel inspired by China""]",SUPERIORITY,higher,NA,Sch2,fch2,fch2,fch2,Superiority_6,sup6,NA,NA,NA
China gives me hope.,"[""China gives me hope.""]",SUPERIORITY,higher,NA,Sch3,fch3,fch3,fch3,Superiority_7,sup7,NA,NA,NA
I respect China.,"[""I respect China.""]",SUPERIORITY,higher,NA,Sch4,fch4,fch4,NA,Superiority_8,sup8,NA,NA,NA
It is a mistake that we are not allowed to collaborate with states such as China.,"[""It is a mistake that we are not allowed to collaborate with states such as China.""]",Pragmatism China,lower,prag_kin1,pch1,pch1,pch1,NA,PRG CHINA_1,pkin1,ANXK,NA,NA
Taiwan should finally stop provoking China.,"[""Taiwan should finally stop provoking China.""]",Pragmatism China,lower,prag_kin2,pch2,pch2,pch2,NA,PRG CHINA_2,pkin2,ANXK,NA,NA
We should not become enemies with countries like China.,"[""We should not become enemies with countries like China.""]",Pragmatism China,lower,prag_kin3,pch3,pch3,pch3,NA,PRG CHINA_3,pkin3,NA,FEAR,NA
The West should not behave aggressively towards countries like China.,"[""The West should not behave aggressively towards countries like China.""]",Pragmatism China,lower,prag_kin4,pch4,pch4,pch4,NA,PRG CHINA_4,pkin4,ANXK,NA,NA
Countries like China never attack without being provoked.,"[""Countries like China never attack without being provoked.""]",Pragmatism China,lower,prag_kin5,pch5,pch5,pch5,NA,PRG CHINA_5,pkin5,ANXK,NA,NA
China is like a sleeping dragon that we should not wake up.,"[""China is like a sleeping dragon that we should not wake up.""]",Pragmatism China,lower,prag_kin6,pch6,pch6,pch6,NA,PRG CHINA_6,pkin6,ANXK,NA,NA
It is a mistake that we are not allowed to collaborate with such states as Russia.,"[""It is a mistake that we are not allowed to collaborate with such states as Russia.""]",Pragmatism Russia,lower,prag_ru1,pru1,pru1,pru1,NA,Pragm Russia_1,pru1,ANXR,NA,NA
Countries like Ukraine should finally start building good relations with Russia.,"[""Countries like Ukraine should finally start building good relations with Russia.""]",Pragmatism Russia,lower,prag_ru2,pru2,pru2,pru2,NA,Pragm Russia_2,pru2,ANXR,NA,NA
We should not become enemies with countries like Russia.,"[""We should not become enemies with countries like Russia.""]",Pragmatism Russia,lower,prag_ru3,pru3,pru3,pru3,NA,Pragm Russia_3,pru3,NA,FEAR,NA
The West should not behave aggressively towards countries like Russia.,"[""The West should not behave aggressively towards countries like Russia.""]",Pragmatism Russia,lower,prag_ru4,pru4,pru4,pru4,NA,Pragm Russia_4,pru4,ANXR,NA,NA
Countries like Russia never attack without being provoked.,"[""Countries like Russia never attack without being provoked.""]",Pragmatism Russia,lower,prag_ru5,pru5,pru5,pru5,NA,Pragm Russia_5,pru5,ANXR,NA,NA
Russia is like a sleeping bear that we should not wake up.,"[""Russia is like a sleeping bear that we should not wake up.""]",Pragmatism Russia,lower,prag_ru6,pru6,pru6,pru6,NA,Pragm Russia_6,pru6,ANXR,NA,NA
I have a very negative feeling about how my state handles external threats.,"[""I have a very negative feeling about how my state handles external threats.""]",GENERAL,higher,NA,gen1,gen1,gen1,gen1,gen_1,gen1,NA,NA,NA
I dislike the actions of our international allies in ensuring the safety of my state.,"[""I dislike the actions of our international allies in ensuring the safety of my state.""]",GENERAL,higher,NA,gen2,gen2,gen2,gen2,gen_2,gen2,NA,NA,NA
I fear the consequences of provoking countries like Russia.,"[""I fear the consequences of provoking countries like Russia.""]",GENERAL,higher,NA,gen3,gen3,gen3,NA,gen_3,gen3,NA,NA,NA
I fear the consequences of provoking countries like China.,"[""I fear the consequences of provoking countries like China.""]",GENERAL,higher,NA,gen4,gen4,gen4,NA,gen_4,gen4,NA,NA,NA
I fear the consequences of provoking countries like Russia or China,"[""I fear the consequences of provoking countries like Russia or China""]",GENERAL,higher,NA,NA,NA,NA,gen3,NA,NA,NA,NA,NA
I like Russia.,"[""I like Russia.""]",GENERAL,higher,NA,gen5,gen5,gen5,gen5,gen_5,gen5,NA,NA,NA
I trust Russia.,"[""I trust Russia.""]",GENERAL,higher,NA,gen6,gen6,gen6,NA,gen_6,gen6,NA,NA,NA
I like China.,"[""I like China.""]",GENERAL,higher,NA,gen7,gen7,gen7,gen7,gen_7,gen7,NA,NA,NA
I trust China.,"[""I trust China.""]",GENERAL,higher,NA,gen8,gen8,gen8,NA,gen_8,gen8,NA,NA,NA
Our national interests are more important than other countries' interests.,"[""Our national interests are more important than other countries' interests.""]",Poisonous ethnocentrism,lower,NA,cet1,cet1,cet1,NA,cet_1,cet1,NA,NA,NA
We should protect our nation's interests by any means necessary.,"[""We should protect our nation's interests by any means necessary.""]",Poisonous ethnocentrism,lower,NA,cet2,cet2,cet2,NA,cet_2,cet2,NA,NA,NA
"Preserving our culture, language, and identity as the predominant one in our country is of utmost importance for us.","[""Preserving our culture, language, and identity as the predominant one in our country is of utmost importance for us.""]",Poisonous ethnocentrism,lower,NA,cet3,cet3,cet3,NA,cet_3,cet3,NA,NA,NA
Everything that is non-Lithuanian may threaten the survival of our nation-state.,"[""Everything that is non-Lithuanian may threaten the survival of our nation-state."",""Everything that is non-German may threaten the survival of our nation-state.""]",Poisonous ethnocentrism,lower,NA,cet4,cet4,cet4,NA,cet_4,cet4,NA,NA,NA
Our enemies are constantly threatening our national interests.,"[""Our enemies are constantly threatening our national interests.""]",Poisonous ethnocentrism,lower,NA,cet5,cet5,cet5,NA,cet_5,cet5,NA,NA,NA
"We should protect our culture, language and identity from foreign influences.","[""We should protect our culture, language and identity from foreign influences.""]",Poisonous ethnocentrism,lower,NA,cet6,cet6,cet6,NA,cet_6,cet6,NA,NA,NA
We should not easily adopt values and lifestyles that are imposed on us from outside,"[""We should not easily adopt values and lifestyles that are imposed on us from outside""]",Poisonous ethnocentrism,lower,poi1,NA,NA,NA,NA,NA,NA,NA,NA,NA
Outsiders from abroad are constantly threatening our national identity.,"[""Outsiders from abroad are constantly threatening our national identity.""]",Poisonous ethnocentrism,lower,poi2,NA,NA,NA,NA,NA,NA,NA,NA,NA
We should keep the land where our ancestors lived for ourselves.,"[""We should keep the land where our ancestors lived for ourselves.""]",Poisonous ethnocentrism,lower,poi4,NA,NA,NA,NA,NA,NA,NA,NA,NA
We should protect our traditions from outsiders.,"[""We should protect our traditions from outsiders.""]",Poisonous ethnocentrism,lower,poi5,NA,NA,NA,NA,NA,NA,NA,NA,NA
"By joining unions like the EU or NATO, we are losing our independence.","[""By joining unions like the EU or NATO, we are losing our independence."",""By joining unions like the EU and NATO, we are losing our independence.""]",Poisonous ethnocentrism,lower,poi6,cet7,cet7,cet7,NA,cet_7,cet7,USE,NA,NA
We have sold our national identity to unions like the EU or NATO.,"[""We have sold our national identity to unions like the EU or NATO."",""We have sold our national identity to unions like the EU and NATO.""]",Poisonous ethnocentrism,lower,poi7,cet8,cet8,cet8,NA,cet_8,cet8,NA,NA,NA
,"[""""]",NA,NA,NA,NA,NA,NA,NA,NA,NA,NA,NA,NA
Russian hackers hacked the website of the Finnish Parliament – the website is not accessible to users right now,"[""Russian hackers hacked the website of the Finnish Parliament – the website is not accessible to users right now""]",FIMI News Items,lower,news1,NA,NA,NA,NA,NA,NA,NA,NA,NA
Ukraine and Poland join forces: joint production of war drones,"[""Ukraine and Poland join forces: joint production of war drones""]",FIMI News Items,lower,news2,NA,NA,NA,NA,NA,NA,NA,NA,NA
Zelensky bought a British mansion from King Charles for 20 million pounds,"[""Zelensky bought a British mansion from King Charles for 20 million pounds"",""Zelenskyy bought a British mansion from King Charles for 20 million pounds""]",FIMI News Items,lower,news3,news1,news1,news1,news1,NA,NA,NA,NA,NA
France asked Russia not to touch the French military in Ukraine,"[""France asked Russia not to touch the French military in Ukraine""]",FIMI News Items,lower,news4,news2,news2,news2,news2,NA,NA,NA,NA,NA
Global Times | US the exploiter,"[""Global Times | US the exploiter""]",FIMI News Items,lower,news5,NA,NA,NA,NA,NA,NA,NA,NA,NA
No Lenin – no electrification. Its logical that “we have moved to the dark side” – Kiev,"[""No Lenin – no electrification. Its logical that “we have moved to the dark side” – Kiev""]",FIMI News Items,lower,news6,NA,NA,NA,NA,NA,NA,NA,NA,NA
The 2026 Milan–Cortina d'Ampezzo Olympics and Paralympics will be openly LGBT++,"[""The 2026 Milan–Cortina d'Ampezzo Olympics and Paralympics will be openly LGBT++"",""The 2026 Milan–Cortina d'Ampezzo Olympics and Paralympics will be openly LGBT+"",""The 2026 Milan–Cortina d'Ampezzo Olympics and Paralympics will be openly LGBT+""]",FIMI News Items,lower,news7,news3,news3,news3,news3,NA,NA,NA,NA,NA
Ukrainian army is looking for a mentor on tolerance working for front lines,"[""Ukrainian army is looking for a mentor on tolerance working for front lines"",""The Ukrainian army is looking for a mentor on tolerance working with front line troops"",""The Ukrainian army is looking for a mentor on tolerance working with front line troops""]",FIMI News Items,lower,news8,news4,news4,news4,news4,NA,NA,NA,NA,NA
Gays and transvestites in Kiev are invited to join LGBT brigades,"[""Gays and transvestites in Kiev are invited to join LGBT brigades"",""Gays and transvestites in Kiev are invited to join LGBT military brigades"",""Gays and transvestites in Kyiv are invited to join LGBT+ military brigades""]",FIMI News Items,lower,news9,news5,news5,news5,news5,NA,NA,NA,NA,NA
Russian hackers from KillNet registered NATO employees on gay dating site in Kiev and Moldova,"[""Russian hackers from KillNet registered NATO employees on gay dating site in Kiev and Moldova""]",FIMI News Items,lower,news10,NA,NA,NA,NA,NA,NA,NA,NA,NA
"In Bremerhaven, Germany, a young boy is forcefully removed from his family by child protection services and police because his family taught that homosexuality and transgenderism were not acceptable because of his family’s Islamic background","[""In Bremerhaven, Germany, a young boy is forcefully removed from his family by child protection services and police because his family taught that homosexuality and transgenderism were not acceptable because of his family’s Islamic background""]",FIMI News Items,lower,news11,NA,NA,NA,NA,NA,NA,NA,NA,NA
"Li-Meng Yan, a Chinese virologist who alleges that the COVID-19 virus originated from a Chinese government laboratory is a complete rumor maker","[""Li-Meng Yan, a Chinese virologist who alleges that the COVID-19 virus originated from a Chinese government laboratory is a complete rumor maker"",""Li-Meng Yan, a Chinese virologist who alleges that the COVID-19 virus originated from a Chinese government laboratory is a known rumor maker"",""Li-Meng Yan, a Chinese virologist who alleges that the COVID-19 virus originated from a Chinese government laboratory is a known rumor maker""]",FIMI News Items,lower,news12,news6,news6,news6,news6,NA,NA,NA,NA,NA
USA is conducting human experiments on Thai-Myanmar border,"[""USA is conducting human experiments on Thai-Myanmar border""]",FIMI News Items,lower,news13,NA,NA,NA,NA,NA,NA,NA,NA,NA
CGTN: Closer People-to-People Bonds foster China-Vietnam Friendship,"[""CGTN: Closer People-to-People Bonds foster China-Vietnam Friendship""]",FIMI News Items,lower,news14,news7,news7,news7,news7,NA,NA,NA,NA,NA
The plague-like rule of extreme right-wing religious leader Li Hongzhi who is banned in China,"[""The plague-like rule of extreme right-wing religious leader Li Hongzhi who is banned in China"",""The plague-like rule of extreme right-wing religious leader Li Hongzhi is banned in China"",""The plague-like rule of extreme right-wing religious leader Li Hongzhi is banned in China""]",FIMI News Items,lower,news15,news8,news8,news8,news8,NA,NA,NA,NA,NA
Hungary's Prime Minister Viktor Orbán's son-in-law is building a hotel empire,"[""Hungary's Prime Minister Viktor Orbán's son-in-law is building a hotel empire""]",Non FIMI News Items,lower,NA,NA,NA,NA,NA,NA,NA,NA,NA,NA
"Baltics, Poland, Finland, Norway agree on 'drone wall' to protect borders","[""Baltics, Poland, Finland, Norway agree on 'drone wall' to protect borders""]",Non FIMI News Items,lower,NA,NA,NA,NA,NA,NA,NA,NA,NA,NA
Portuguese embassy in Ukraine was affected by the Russian missile strike,"[""Portuguese embassy in Ukraine was affected by the Russian missile strike""]",Non FIMI News Items,lower,NA,NA,NA,NA,NA,NA,NA,NA,NA,NA
Olympic Committee emphasises inclusion in sport during LGBTQ Pride Month,"[""Olympic Committee emphasises inclusion in sport during LGBTQ Pride Month""]",Non FIMI News Items,lower,NA,NA,NA,NA,NA,NA,NA,NA,NA,NA
British Army trains Ukrainian officers how to detect and manage battle stress in their troops,"[""British Army trains Ukrainian officers how to detect and manage battle stress in their troops""]",Non FIMI News Items,lower,NA,NA,NA,NA,NA,NA,NA,NA,NA,NA
Ukraine's highest profile combat unit to recruit English-speaking soldiers,"[""Ukraine's highest profile combat unit to recruit English-speaking soldiers""]",Non FIMI News Items,lower,NA,NA,NA,NA,NA,NA,NA,NA,NA,NA
CIA Now Favors Lab Leak Theory On Origins of Covid-19,"[""CIA Now Favors Lab Leak Theory On Origins of Covid-19""]",Non FIMI News Items,lower,NA,NA,NA,NA,NA,NA,NA,NA,NA,NA
"China, North Korea mark 75th anniversary of ties with vows of cooperation","[""China, North Korea mark 75th anniversary of ties with vows of cooperation""]",Non FIMI News Items,lower,NA,NA,NA,NA,NA,NA,NA,NA,NA,NA
NA,NA,NA,NA,NA,NA,NA,NA,NA,NA,NA,NA,NA,NA
"Sveiki, šio tyrimo tikslas – geriau suprasti, kaip žmonės apdoroja ir vertina informaciją. Užduosime klausimus, norėdami išsiaiškinti Jūsų nuomonę ir įsitikinimus įvairiomis temomis, taip pat suprasti, kaip vertinate naujienas. Apklausa užtruks apie 15 minučių. Jūsų pateikti atsakymai bus naudojami tik apibendrinta ir pilnai anonimine forma mokslinių tyrimų tikslais. Paspausdami žemiau esantį mygtuką patvirtinate, kad Jūsų dalyvavimas tyrime yra savanoriškas, kad esate 18 metų ar vyresnis ir kad žinote, jog galite bet kada ir dėl bet kokios priežasties nutraukti savo dalyvavimą tyrime.","[""Sveiki, šio tyrimo tikslas – geriau suprasti, kaip žmonės apdoroja ir vertina informaciją. Užduosime klausimus, norėdami išsiaiškinti Jūsų nuomonę ir įsitikinimus įvairiomis temomis, taip pat suprasti, kaip vertinate naujienas. Apklausa užtruks apie 15 minučių. Jūsų pateikti atsakymai bus naudojami tik apibendrinta ir pilnai anonimine forma mokslinių tyrimų tikslais. Paspausdami žemiau esantį mygtuką patvirtinate, kad Jūsų dalyvavimas tyrime yra savanoriškas, kad esate 18 metų ar vyresnis ir kad žinote, jog galite bet kada ir dėl bet kokios priežasties nutraukti savo dalyvavimą tyrime."",""Hallo und herzlich willkommen! Diese Umfrage dient dazu, besser zu verstehen, wie Menschen Informationen wahrnehmen, verarbeiten und bewerten. Wenn Sie an dieser Studie teilnehmen, werden Sie gebeten, Fragen zu Ihren Meinungen zu verschiedenen Themen sowie zur Bewertung von Nachrichteninhalten zu beantworten. Die Teilnahme dauert etwa 15 Minuten. Wir versichern Ihnen, dass alle Angaben vollständig anonymisiert behandelt werden. Ihre Antworten werden nur in anonymisierter Form für wissenschaftliche Publikationen oder andere Veröffentlichungen verwendet. Mit dem Klick auf die Schaltfläche unten bestätigen Sie, dass Ihre Teilnahme an der Studie freiwillig ist, dass Sie mindestens 18 Jahre alt sind und dass Sie informiert wurden, dass Sie Ihre Teilnahme jederzeit und aus beliebigen Gründen beenden können.""]",NA,NA,consent,consentLT,consentLT,consentLT,NA,NA,NA,NA,NA,NA
"The data quality of this study is very important for us. Bad-quality data could lead to incorrect conclusions. Therefore, we would like to know whether we can trust your answers. Did you answer all the questions seriously? We would appreciate your honest","[""The data quality of this study is very important for us. Bad-quality data could lead to incorrect conclusions. Therefore, we would like to know whether we can trust your answers. Did you answer all the questions seriously? We would appreciate your honest""]",NA,NA,cons,cons,cons,cons,NA,NA,NA,NA,NA,NA
Are you currently 18 years of age?,"[""Are you currently 18 years of age?"",""Sind Sie derzeit mindestens 18 Jahre alt?""]",NA,NA,screening_question,screening_question,screening_question,screening_question,NA,NA,NA,NA,NA,NA
I speak fluent Czechoslovak language.,"[""I speak fluent Czechoslovak language.""]",Attention Check,lower,NA,att1,att1,att1,NA,NA,NA,NA,NA,NA
Last summer I have spent my vacation on Bonferroni island.,"[""Last summer I have spent my vacation on Bonferroni island.""]",Attention Check,lower,attLT,att2,att2,att2,NA,NA,NA,NA,NA,NA
Please select '4' for this item to show you're paying attention,"[""Please select '4' for this item to show you're paying attention""]",Attention Check,lower,NA,NA,NA,NA,att,NA,NA,NA,NA,NA
"What is the aim of the current study? If you have no ideas, leave it blank.","[""What is the aim of the current study? If you have no ideas, leave it blank.""]",NA,NA,aim,aim,aim,aim,NA,NA,NA,NA,NA,NA
"What is the highest level of school you have completed, or the highest degree you have received?","[""What is the highest level of school you have completed, or the highest degree you have received?""]",NA,NA,edu,edu,edu,edu,NA,NA,NA,NA,NA,NA
Please indicate your age:,"[""Please indicate your age:"",""What is your age?"",""Wie alt sind Sie?""]",NA,NA,age,age,age,age,NA,NA,NA,NA,NA,NA
AgeBucket,"[""AgeBucket""]",NA,NA,NA,NA,NA,AgeBucket,NA,NA,NA,NA,NA,NA
Please indicate your gender::,"[""Please indicate your gender::"",""Bitte geben Sie Ihr Geschlecht an:""]",NA,NA,gender,gender,gender,gender,NA,NA,NA,NA,NA,NA
What is your nationality?,"[""What is your nationality?""]",NA,NA,NA,NA,NA,NA,NA,NA,NA,NA,NA,NA
Please indicate your average disposable income per family member (per month):,"[""Please indicate your average disposable income per family member (per month):""]",NA,NA,inc,income,income,income,NA,NA,NA,NA,NA,NA
"Imagine that this ladder pictures how society is set up. At the top of the ladder are the people who are the best off, those who have the most money, most education, and best jobs. At the bottom are the people who are the worst off, those who have the lea","[""Imagine that this ladder pictures how society is set up. At the top of the ladder are the people who are the best off, those who have the most money, most education, and best jobs. At the bottom are the people who are the worst off, those who have the lea""]",NA,NA,ladder,NA,NA,NA,NA,NA,NA,NA,NA,NA
How often do you share information you read or hear on media with others?,"[""How often do you share information you read or hear on media with others?""]",NA,NA,freq,NA,NA,NA,NA,NA,NA,NA,NA,NA
In welchem Bundesland wohnen Sie?,"[""In welchem Bundesland wohnen Sie?""]",NA,NA,NA,NA,NA,land,NA,NA,NA,NA,NA,NA
In which part of Germany do you live?,"[""In which part of Germany do you live?""]",NA,NA,NA,NA,NA,part,NA,NA,NA,NA,NA,NA
Indicate the city you currently live in:,"[""Indicate the city you currently live in:""]",NA,NA,city,city,city,NA,NA,NA,NA,NA,NA,NA
Indicate your native language: - Other (indicate) - Text,"[""Indicate your native language: - Other (indicate) - Text""]",NA,NA,lang_4_TEXT,lang_4_TEXT,lang_4_TEXT,NA,NA,NA,NA,NA,NA,NA
Indicate your native language: - Other [please specify] – Text,"[""Indicate your native language: - Other [please specify] – Text""]",NA,NA,NA,NA,NA,lang_7_TEXT,NA,NA,NA,NA,NA,NA
Indicate your native language: - Selected Choice,"[""Indicate your native language: - Selected Choice""]",NA,NA,lang,lang,lang,lang,NA,NA,NA,NA,NA,NA
Please evaluate your knowledge of the language on a 9-point scale: - Lithuanian,"[""Please evaluate your knowledge of the language on a 9-point scale: - Lithuanian"",""Please evaluate your knowledge of the language: - Lithuanian""]",NA,NA,knowl_1,knowl_1,knowl_1,NA,NA,NA,NA,NA,NA,NA
Please evaluate your knowledge of the language on a 9-point scale: - Russian,"[""Please evaluate your knowledge of the language on a 9-point scale: - Russian"",""Please evaluate your knowledge of the language: - Russian"",""Please evaluate your knowledge of the language on a 9-point scale: 1 = “none”, 9 = “fluent” - Russian""]",NA,NA,knowl_2,knowl_2,knowl_2,knowl_2,NA,NA,NA,NA,NA,NA
Please evaluate your knowledge of the language on a 9-point scale: - Polish,"[""Please evaluate your knowledge of the language on a 9-point scale: - Polish"",""Please evaluate your knowledge of the language: - Polish"",""Please evaluate your knowledge of the language on a 9-point scale: 1 = “none”, 9 = “fluent” - Polish""]",NA,NA,knowl_3,knowl_3,knowl_3,knowl_4,NA,NA,NA,NA,NA,NA
"Please evaluate your knowledge of the language on a 9-point scale: 1 = “none”, 9 = “fluent” - German","[""Please evaluate your knowledge of the language on a 9-point scale: 1 = “none”, 9 = “fluent” - German""]",NA,NA,NA,NA,NA,knowl_1,NA,NA,NA,NA,NA,NA
"Please evaluate your knowledge of the language on a 9-point scale: 1 = “none”, 9 = “fluent” - Turkish","[""Please evaluate your knowledge of the language on a 9-point scale: 1 = “none”, 9 = “fluent” - Turkish""]",NA,NA,NA,NA,NA,knowl_3,NA,NA,NA,NA,NA,NA
"Please evaluate your knowledge of the language on a 9-point scale: 1 = “none”, 9 = “fluent” - Italian","[""Please evaluate your knowledge of the language on a 9-point scale: 1 = “none”, 9 = “fluent” - Italian""]",NA,NA,NA,NA,NA,knowl_5,NA,NA,NA,NA,NA,NA
"Please evaluate your knowledge of the language on a 9-point scale: 1 = “none”, 9 = “fluent” - English","[""Please evaluate your knowledge of the language on a 9-point scale: 1 = “none”, 9 = “fluent” - English""]",NA,NA,NA,NA,NA,knowl_6,NA,NA,NA,NA,NA,NA
Please indicate in which language you would like to participate in the survey:,"[""Please indicate in which language you would like to participate in the survey:""]",NA,NA,language,NA,NA,NA,NA,NA,NA,NA,NA,NA
"If there is anything you would like us to know, write your comment below. If not, proceed to the next page to complete the study.","[""If there is anything you would like us to know, write your comment below. If not, proceed to the next page to complete the study.""]",NA,NA,comm,comm,comm,comm,NA,NA,NA,NA,NA,NA
NA,NA,NA,NA,NA,NA,NA,NA,NA,NA,NA,NA,NA,NA
Response ID,"[""Response ID""]",NA,NA,ResponseId,NA,NA,ResponseId,NA,NA,NA,NA,NA,NA
Start Date,"[""Start Date""]",NA,NA,StartDate,StartDate,StartDate,StartDate,NA,NA,NA,NA,NA,NA
End Date,"[""End Date""]",NA,NA,EndDate,EndDate,EndDate,EndDate,NA,NA,NA,NA,NA,NA
Duration (in seconds),"[""Duration (in seconds)""]",NA,NA,Duration__in_seconds_,Duration__in_seconds_,Duration__in_seconds_,Duration__in_seconds_,NA,NA,NA,NA,NA,NA
Progress,"[""Progress""]",NA,NA,Progress,Progress,Progress,NA,NA,NA,NA,NA,NA,NA
Finished,"[""Finished""]",NA,NA,Finished,NA,NA,Finished,NA,NA,NA,NA,NA,NA
Recorded Date,"[""Recorded Date""]",NA,NA,RecordedDate,RecordedDate,RecordedDate,RecordedDate,NA,NA,NA,NA,NA,NA
Response Type,"[""Response Type""]",NA,NA,Status,NA,NA,NA,NA,NA,NA,NA,NA,NA
Location Latitude,"[""Location Latitude""]",NA,NA,LocationLatitude,NA,NA,NA,NA,NA,NA,NA,NA,NA
Location Longitude,"[""Location Longitude""]",NA,NA,LocationLongitude,NA,NA,NA,NA,NA,NA,NA,NA,NA
IP Address,"[""IP Address""]",NA,NA,IPAddress,NA,NA,NA,NA,NA,NA,NA,NA,NA
NA,NA,NA,NA,NA,NA,NA,NA,NA,NA,NA,NA,NA,NA
First in the display order,"[""First in the display order""]",NA,NA,NEWS_ORDER,NA,NA,NA,NA,NA,NA,NA,NA,NA
FL_16 - Block Randomizer - Display Order DisInforMeter scale,"[""FL_16 - Block Randomizer - Display Order DisInforMeter scale""]",NA,NA,FL_16_DO_DisInforMeter,NA,NA,NA,NA,NA,NA,NA,NA,NA
FL_16 - Block Randomizer - Display Order DisInforMeterscale,"[""FL_16 - Block Randomizer - Display Order DisInforMeterscale""]",NA,NA,NA,FL_16_DO_DisInforMeterscale,FL_16_DO_DisInforMeterscale,FL_16_DO_DisInforMeterscale,NA,NA,NA,NA,NA,NA
FL_16 - Block Randomizer - Display Order News,"[""FL_16 - Block Randomizer - Display Order News""]",NA,NA,FL_16_DO_News,FL_16_DO_news,FL_16_DO_news,FL_16_DO_news,NA,NA,NA,NA,NA,NA
NEWS - Display Order news1,"[""NEWS - Display Order news1""]",NA,NA,DO_news1,NA,NA,news_DO_news1,NA,NA,NA,NA,NA,NA
NEWS - Display Order news10,"[""NEWS - Display Order news10""]",NA,NA,DO_news10,NA,NA,NA,NA,NA,NA,NA,NA,NA
NEWS - Display Order news11,"[""NEWS - Display Order news11""]",NA,NA,DO_news11,NA,NA,NA,NA,NA,NA,NA,NA,NA
NEWS - Display Order news12,"[""NEWS - Display Order news12""]",NA,NA,DO_news12,NA,NA,NA,NA,NA,NA,NA,NA,NA
NEWS - Display Order news13,"[""NEWS - Display Order news13""]",NA,NA,DO_news13,NA,NA,NA,NA,NA,NA,NA,NA,NA
NEWS - Display Order news14,"[""NEWS - Display Order news14""]",NA,NA,DO_news14,NA,NA,NA,NA,NA,NA,NA,NA,NA
NEWS - Display Order news15,"[""NEWS - Display Order news15""]",NA,NA,DO_news15,NA,NA,NA,NA,NA,NA,NA,NA,NA
NEWS - Display Order news2,"[""NEWS - Display Order news2""]",NA,NA,DO_news2,NA,NA,news_DO_news2,NA,NA,NA,NA,NA,NA
NEWS - Display Order news3,"[""NEWS - Display Order news3""]",NA,NA,DO_news3,NA,NA,news_DO_news3,NA,NA,NA,NA,NA,NA
NEWS - Display Order news4,"[""NEWS - Display Order news4""]",NA,NA,DO_news4,NA,NA,news_DO_news4,NA,NA,NA,NA,NA,NA
NEWS - Display Order news5,"[""NEWS - Display Order news5""]",NA,NA,DO_news5,NA,NA,news_DO_news5,NA,NA,NA,NA,NA,NA
NEWS - Display Order news6,"[""NEWS - Display Order news6""]",NA,NA,DO_news6,NA,NA,news_DO_news6,NA,NA,NA,NA,NA,NA
NEWS - Display Order news7,"[""NEWS - Display Order news7""]",NA,NA,DO_news7,NA,NA,news_DO_news7,NA,NA,NA,NA,NA,NA
NEWS - Display Order news8,"[""NEWS - Display Order news8""]",NA,NA,DO_news8,news_DO_news8,news_DO_news8,news_DO_news8,NA,NA,NA,NA,NA,NA
NEWS - Display Order news9,"[""NEWS - Display Order news9""]",NA,NA,DO_news9,NA,NA,NA,NA,NA,NA,NA,NA,NA
news - Display Order newsTxtLT,"[""news - Display Order newsTxtLT""]",NA,NA,NA,NA,NA,news_DO_newsTxtLT,NA,NA,NA,NA,NA,NA
Display order | scale or news first,"[""Display order | scale or news first""]",NA,NA,ORDER,NA,NA,NA,NA,NA,NA,NA,NA,NA
Display order of news,"[""Display order of news""]",NA,NA,NA,NA,NA,ORDER2,NA,NA,NA,NA,NA,NA
Display order: DisInforMeter vs. News,"[""Display order: DisInforMeter vs. News""]",NA,NA,NA,ORDER1,ORDER1,ORDER1,NA,NA,NA,NA,NA,NA
NA,NA,NA,NA,NA,NA,NA,NA,NA,NA,NA,NA,NA,NA
General global items,"[""General global items"",""General global items (8 items)""]",NA,NA,NA,GENERAL,GENERAL,GENERAL,NA,NA,NA,NA,NA,NA
Unprotected by international allies,"[""Unprotected by international allies"",""Unprotected by international allies (4 items)""]",NA,NA,NA,UNP,UNP,UNP,NA,NA,NA,NA,NA,NA
Abandoned by media (censorship),"[""Abandoned by media (censorship)"",""Abandoned by media (censorship; 6 items)""]",NA,NA,NA,CENS,CENS,CENS,NA,NA,NA,NA,NA,NA
Abandoned by own state,"[""Abandoned by own state"",""Abandoned by own state (5 items)""]",NA,NA,NA,ABAN,ABAN,ABAN,NA,NA,NA,NA,NA,NA
Distrust/ betrayal/ abandonment,"[""Distrust/ betrayal/ abandonment""]",NA,NA,NA,NA,NA,AB,NA,NA,NA,NA,NA,NA
DISTRUST/BETRAYAL/ABANDONMENT: anger (2 items),"[""DISTRUST/BETRAYAL/ABANDONMENT: anger (2 items)""]",NA,NA,NA,Aang,Aang,NA,NA,NA,NA,NA,NA,NA
DISTRUST/BETRAYAL/ABANDONMENT: irritation (2 items),"[""DISTRUST/BETRAYAL/ABANDONMENT: irritation (2 items)""]",NA,NA,NA,Airr,Airr,NA,NA,NA,NA,NA,NA,NA
Superiority China,"[""Superiority China"",""Superiority China (11 items)""]",NA,NA,NA,SUchi,SUchi,SUchi,NA,NA,NA,NA,NA,NA
Superiority Russia,"[""Superiority Russia"",""Superiority Russia (12 items)""]",NA,NA,NA,SUru,SUru,SUru,NA,NA,NA,NA,NA,NA
The LGBT+,"[""The LGBT+"",""The LGBT+ (6 items)""]",NA,NA,NA,LGBT,LGBT,LGBT,NA,NA,NA,NA,NA,NA
Threat (12 items),"[""Threat (12 items)""]",NA,NA,NA,NA,NA,THREAT,NA,NA,NA,NA,NA,NA
THREAT: anger (3 items),"[""THREAT: anger (3 items)""]",NA,NA,NA,Tang,Tang,NA,NA,NA,NA,NA,NA,NA
THREAT: worry (4 items),"[""THREAT: worry (4 items)""]",NA,NA,NA,Twor,Twor,NA,NA,NA,NA,NA,NA,NA
Media consumption intentions,"[""Media consumption intentions""]",NA,NA,NA,MEDIA,MEDIA,NA,NA,NA,NA,NA,NA,NA
Media consumption intentions (3 items),"[""Media consumption intentions (3 items)""]",NA,NA,NA,NA,NA,MEDIA,NA,NA,NA,NA,NA,NA
Exploitation,"[""Exploitation"",""Exploitation (5 items)""]",NA,NA,NA,EXP,EXP,EXP,NA,NA,NA,NA,NA,NA
Fear,"[""Fear""]",NA,NA,NA,NA,NA,FEAR,NA,NA,NA,NA,NA,NA
FEAR: anxiety (3 items),"[""FEAR: anxiety (3 items)""]",NA,NA,NA,Panx,Panx,NA,NA,NA,NA,NA,NA,NA
FEAR: fear (2 items),"[""FEAR: fear (2 items)""]",NA,NA,NA,Pfear,Pfear,NA,NA,NA,NA,NA,NA,NA
News (8 items),"[""News (8 items)""]",NA,NA,NA,NA,NA,NEWS,NA,NA,NA,NA,NA,NA
Immigration,"[""Immigration"",""Immigration (7 items)""]",NA,NA,NA,IMIG,IMIG,IMIG,NA,NA,NA,NA,NA,NA
Poisonous ethnocentrism,"[""Poisonous ethnocentrism"",""Poisonous ethnocentrism (8 items)""]",NA,NA,NA,CET,CET,CET,NA,NA,NA,NA,NA,NA
Pragmatism China,"[""Pragmatism China"",""Pragmatism China (6 items)""]",NA,NA,NA,PRAGchi,PRAGchi,PRAGchi,NA,NA,NA,NA,NA,NA
Pragmatism Russia,"[""Pragmatism Russia"",""Pragmatism Russia (6 items)""]",NA,NA,NA,PRAGru,PRAGru,PRAGru,NA,NA,NA,NA,NA,NA
